{
  "metadata": {
    "generatedAt": "2026-01-09T15:15:30.030Z",
    "source": "OpenWeather Geocoding API",
    "inputDistrictKeys": 264,
    "existingLoaded": 152,
    "newlyFilled": 37,
    "stillMissing": 75,
    "note": "Improved queries: province normalization + city/gu split + KR scoring + optional city-level fallback for 시+구",
    "config": {
      "delayMs": 120,
      "concurrency": 2,
      "fallbackToCity": true
    }
  },
  "locations": [
    {
      "id": "강원특별자치도-강릉시",
      "city": "강원특별자치도",
      "district": "강릉시",
      "fullName": "강원특별자치도-강릉시",
      "coordinates": {
        "lat": 37.7525313,
        "lon": 128.8759523
      },
      "apiName": "Gangneung-si",
      "country": "KR"
    },
    {
      "id": "강원특별자치도-동해시",
      "city": "강원특별자치도",
      "district": "동해시",
      "fullName": "강원특별자치도-동해시",
      "coordinates": {
        "lat": 37.5245142,
        "lon": 129.1146302
      },
      "apiName": "Donghae-si",
      "country": "KR"
    },
    {
      "id": "강원특별자치도-삼척시",
      "city": "강원특별자치도",
      "district": "삼척시",
      "fullName": "강원특별자치도-삼척시",
      "coordinates": {
        "lat": 37.4498745,
        "lon": 129.1652969
      },
      "apiName": "Samcheok-si",
      "country": "KR"
    },
    {
      "id": "강원특별자치도-속초시",
      "city": "강원특별자치도",
      "district": "속초시",
      "fullName": "강원특별자치도-속초시",
      "coordinates": {
        "lat": 38.2069574,
        "lon": 128.5913424
      },
      "apiName": "Sokcho-si",
      "country": "KR"
    },
    {
      "id": "강원특별자치도-원주시",
      "city": "강원특별자치도",
      "district": "원주시",
      "fullName": "강원특별자치도-원주시",
      "coordinates": {
        "lat": 37.3420996,
        "lon": 127.9197603
      },
      "apiName": "Wonju-si",
      "country": "KR"
    },
    {
      "id": "강원특별자치도-춘천시",
      "city": "강원특별자치도",
      "district": "춘천시",
      "fullName": "강원특별자치도-춘천시",
      "coordinates": {
        "lat": 37.8810569,
        "lon": 127.7297641
      },
      "apiName": "Chuncheon-si",
      "country": "KR"
    },
    {
      "id": "강원특별자치도-태백시",
      "city": "강원특별자치도",
      "district": "태백시",
      "fullName": "강원특별자치도-태백시",
      "coordinates": {
        "lat": 37.1637943,
        "lon": 128.9857176
      },
      "apiName": "Taebaek-si",
      "country": "KR"
    },
    {
      "id": "경기도-고양시",
      "city": "경기도",
      "district": "고양시",
      "fullName": "경기도-고양시",
      "coordinates": {
        "lat": 37.6581862,
        "lon": 126.8319452
      },
      "apiName": "Goyang-si",
      "country": "KR"
    },
    {
      "id": "경기도-고양시덕양구",
      "city": "경기도",
      "district": "고양시덕양구",
      "fullName": "경기도-고양시덕양구",
      "coordinates": {
        "lat": 37.6369,
        "lon": 126.8322
      },
      "apiName": "Deogyang-gu",
      "country": "KR"
    },
    {
      "id": "경기도-고양시일산동구",
      "city": "경기도",
      "district": "고양시일산동구",
      "fullName": "경기도-고양시일산동구",
      "coordinates": {
        "lat": 37.6588,
        "lon": 126.775
      },
      "apiName": "Ilsandong-gu",
      "country": "KR"
    },
    {
      "id": "경기도-고양시일산서구",
      "city": "경기도",
      "district": "고양시일산서구",
      "fullName": "경기도-고양시일산서구",
      "coordinates": {
        "lat": 37.6779933,
        "lon": 126.7453605
      },
      "apiName": "Ilsanseo-gu",
      "country": "KR"
    },
    {
      "id": "경기도-과천시",
      "city": "경기도",
      "district": "과천시",
      "fullName": "경기도-과천시",
      "coordinates": {
        "lat": 37.4289037,
        "lon": 126.9881655
      },
      "apiName": "Gwacheon-si",
      "country": "KR"
    },
    {
      "id": "경기도-광명시",
      "city": "경기도",
      "district": "광명시",
      "fullName": "경기도-광명시",
      "coordinates": {
        "lat": 37.4810539,
        "lon": 126.8631275
      },
      "apiName": "Gwangmyeong",
      "country": "KR"
    },
    {
      "id": "경기도-광주시",
      "city": "경기도",
      "district": "광주시",
      "fullName": "경기도-광주시",
      "coordinates": {
        "lat": 37.4290844,
        "lon": 127.255189
      },
      "apiName": "Gwangju-si",
      "country": "KR"
    },
    {
      "id": "경기도-구리시",
      "city": "경기도",
      "district": "구리시",
      "fullName": "경기도-구리시",
      "coordinates": {
        "lat": 37.5935948,
        "lon": 127.1297917
      },
      "apiName": "Guri-si",
      "country": "KR"
    },
    {
      "id": "경기도-군포시",
      "city": "경기도",
      "district": "군포시",
      "fullName": "경기도-군포시",
      "coordinates": {
        "lat": 37.3615229,
        "lon": 126.9349025
      },
      "apiName": "Gunpo-si",
      "country": "KR"
    },
    {
      "id": "경기도-김포시",
      "city": "경기도",
      "district": "김포시",
      "fullName": "경기도-김포시",
      "coordinates": {
        "lat": 37.6155683,
        "lon": 126.7157798
      },
      "apiName": "Gimpo-si",
      "country": "KR"
    },
    {
      "id": "경기도-남양주시",
      "city": "경기도",
      "district": "남양주시",
      "fullName": "경기도-남양주시",
      "coordinates": {
        "lat": 37.6359398,
        "lon": 127.2165051
      },
      "apiName": "Namyangju-si",
      "country": "KR"
    },
    {
      "id": "경기도-동두천시",
      "city": "경기도",
      "district": "동두천시",
      "fullName": "경기도-동두천시",
      "coordinates": {
        "lat": 37.9030856,
        "lon": 127.0605175
      },
      "apiName": "Dongducheon-si",
      "country": "KR"
    },
    {
      "id": "경기도-부천시",
      "city": "경기도",
      "district": "부천시",
      "fullName": "경기도-부천시",
      "coordinates": {
        "lat": 37.5014422,
        "lon": 126.7660139
      },
      "apiName": "Bucheon-si",
      "country": "KR"
    },
    {
      "id": "경기도-부천시소사구",
      "city": "경기도",
      "district": "부천시소사구",
      "fullName": "경기도-부천시소사구",
      "coordinates": {
        "lat": 37.4743723,
        "lon": 126.79037732587526
      },
      "apiName": "Sosa-gu",
      "country": "KR"
    },
    {
      "id": "경기도-부천시오정구",
      "city": "경기도",
      "district": "부천시오정구",
      "fullName": "경기도-부천시오정구",
      "coordinates": {
        "lat": 37.52473,
        "lon": 126.79332
      },
      "apiName": "Ojeong-gu",
      "country": "KR"
    },
    {
      "id": "경기도-부천시원미구",
      "city": "경기도",
      "district": "부천시원미구",
      "fullName": "경기도-부천시원미구",
      "coordinates": {
        "lat": 37.5026615,
        "lon": 126.78256840351318
      },
      "apiName": "Wonmi-gu",
      "country": "KR"
    },
    {
      "id": "경기도-성남시",
      "city": "경기도",
      "district": "성남시",
      "fullName": "경기도-성남시",
      "coordinates": {
        "lat": 37.4201556,
        "lon": 127.1262092
      },
      "apiName": "Seongnam-si",
      "country": "KR"
    },
    {
      "id": "경기도-성남시분당구",
      "city": "경기도",
      "district": "성남시분당구",
      "fullName": "경기도-성남시분당구",
      "coordinates": {
        "lat": 37.3825999,
        "lon": 127.1188
      },
      "apiName": "Bundang-gu",
      "country": "KR"
    },
    {
      "id": "경기도-성남시수정구",
      "city": "경기도",
      "district": "성남시수정구",
      "fullName": "경기도-성남시수정구",
      "coordinates": {
        "lat": 37.4503386,
        "lon": 127.1462933
      },
      "apiName": "Sujeong-gu",
      "country": "KR"
    },
    {
      "id": "경기도-성남시중원구",
      "city": "경기도",
      "district": "성남시중원구",
      "fullName": "경기도-성남시중원구",
      "coordinates": {
        "lat": 37.4307,
        "lon": 127.137
      },
      "apiName": "Jungwon-gu",
      "country": "KR"
    },
    {
      "id": "경기도-수원시",
      "city": "경기도",
      "district": "수원시",
      "fullName": "경기도-수원시",
      "coordinates": {
        "lat": 37.2633325,
        "lon": 127.0287472
      },
      "apiName": "Suwon-si",
      "country": "KR"
    },
    {
      "id": "경기도-수원시권선구",
      "city": "경기도",
      "district": "수원시권선구",
      "fullName": "경기도-수원시권선구",
      "coordinates": {
        "lat": 37.2567361,
        "lon": 126.9719715
      },
      "apiName": "Gwonseon-gu",
      "country": "KR"
    },
    {
      "id": "경기도-수원시영통구",
      "city": "경기도",
      "district": "수원시영통구",
      "fullName": "경기도-수원시영통구",
      "coordinates": {
        "lat": 37.2593,
        "lon": 127.0466
      },
      "apiName": "Yeongtong-gu",
      "country": "KR"
    },
    {
      "id": "경기도-수원시장안구",
      "city": "경기도",
      "district": "수원시장안구",
      "fullName": "경기도-수원시장안구",
      "coordinates": {
        "lat": 37.3037639,
        "lon": 127.0105254
      },
      "apiName": "Jangan-gu",
      "country": "KR"
    },
    {
      "id": "경기도-수원시팔달구",
      "city": "경기도",
      "district": "수원시팔달구",
      "fullName": "경기도-수원시팔달구",
      "coordinates": {
        "lat": 37.274994050000004,
        "lon": 127.01614184294945
      },
      "apiName": "팔달구",
      "country": "KR"
    },
    {
      "id": "경기도-시흥시",
      "city": "경기도",
      "district": "시흥시",
      "fullName": "경기도-시흥시",
      "coordinates": {
        "lat": 37.3798891,
        "lon": 126.8032255
      },
      "apiName": "Siheung-si",
      "country": "KR"
    },
    {
      "id": "경기도-안산시",
      "city": "경기도",
      "district": "안산시",
      "fullName": "경기도-안산시",
      "coordinates": {
        "lat": 37.3217152,
        "lon": 126.8308604
      },
      "apiName": "Ansan",
      "country": "KR"
    },
    {
      "id": "경기도-안산시단원구",
      "city": "경기도",
      "district": "안산시단원구",
      "fullName": "경기도-안산시단원구",
      "coordinates": {
        "lat": 37.319,
        "lon": 126.8122
      },
      "apiName": "Danwon-gu",
      "country": "KR"
    },
    {
      "id": "경기도-안산시상록구",
      "city": "경기도",
      "district": "안산시상록구",
      "fullName": "경기도-안산시상록구",
      "coordinates": {
        "lat": 37.3007,
        "lon": 126.8465
      },
      "apiName": "Sangnok-gu",
      "country": "KR"
    },
    {
      "id": "경기도-안성시",
      "city": "경기도",
      "district": "안성시",
      "fullName": "경기도-안성시",
      "coordinates": {
        "lat": 37.007773,
        "lon": 127.279971
      },
      "apiName": "Anseong-si",
      "country": "KR"
    },
    {
      "id": "경기도-안양시",
      "city": "경기도",
      "district": "안양시",
      "fullName": "경기도-안양시",
      "coordinates": {
        "lat": 37.3938528,
        "lon": 126.9570605
      },
      "apiName": "Anyang-si",
      "country": "KR"
    },
    {
      "id": "경기도-안양시동안구",
      "city": "경기도",
      "district": "안양시동안구",
      "fullName": "경기도-안양시동안구",
      "coordinates": {
        "lat": 37.3923137,
        "lon": 126.9513089
      },
      "apiName": "Dongan-gu",
      "country": "KR"
    },
    {
      "id": "경기도-안양시만안구",
      "city": "경기도",
      "district": "안양시만안구",
      "fullName": "경기도-안양시만안구",
      "coordinates": {
        "lat": 37.3863,
        "lon": 126.9324
      },
      "apiName": "Manan-gu",
      "country": "KR"
    },
    {
      "id": "경기도-양주시",
      "city": "경기도",
      "district": "양주시",
      "fullName": "경기도-양주시",
      "coordinates": {
        "lat": 37.7849312,
        "lon": 127.0457771
      },
      "apiName": "Yangju",
      "country": "KR"
    },
    {
      "id": "경기도-여주시",
      "city": "경기도",
      "district": "여주시",
      "fullName": "경기도-여주시",
      "coordinates": {
        "lat": 37.2982901,
        "lon": 127.637033
      },
      "apiName": "Yeoju-si",
      "country": "KR"
    },
    {
      "id": "경기도-오산시",
      "city": "경기도",
      "district": "오산시",
      "fullName": "경기도-오산시",
      "coordinates": {
        "lat": 37.1499376,
        "lon": 127.0774625
      },
      "apiName": "Osan-si",
      "country": "KR"
    },
    {
      "id": "경기도-용인시",
      "city": "경기도",
      "district": "용인시",
      "fullName": "경기도-용인시",
      "coordinates": {
        "lat": 37.2405741,
        "lon": 127.1785572
      },
      "apiName": "Yongin-si",
      "country": "KR"
    },
    {
      "id": "경기도-용인시기흥구",
      "city": "경기도",
      "district": "용인시기흥구",
      "fullName": "경기도-용인시기흥구",
      "coordinates": {
        "lat": 37.2801,
        "lon": 127.1148
      },
      "apiName": "Giheung-gu",
      "country": "KR"
    },
    {
      "id": "경기도-용인시수지구",
      "city": "경기도",
      "district": "용인시수지구",
      "fullName": "경기도-용인시수지구",
      "coordinates": {
        "lat": 37.3222928,
        "lon": 127.0972114
      },
      "apiName": "Suji-gu",
      "country": "KR"
    },
    {
      "id": "경기도-용인시처인구",
      "city": "경기도",
      "district": "용인시처인구",
      "fullName": "경기도-용인시처인구",
      "coordinates": {
        "lat": 37.2345,
        "lon": 127.2017
      },
      "apiName": "Cheoin-gu",
      "country": "KR"
    },
    {
      "id": "경기도-의왕시",
      "city": "경기도",
      "district": "의왕시",
      "fullName": "경기도-의왕시",
      "coordinates": {
        "lat": 37.3449082,
        "lon": 126.9689861
      },
      "apiName": "Uiwang-si",
      "country": "KR"
    },
    {
      "id": "경기도-의정부시",
      "city": "경기도",
      "district": "의정부시",
      "fullName": "경기도-의정부시",
      "coordinates": {
        "lat": 37.7380747,
        "lon": 127.0339665
      },
      "apiName": "Uijeongbu-si",
      "country": "KR"
    },
    {
      "id": "경기도-이천시",
      "city": "경기도",
      "district": "이천시",
      "fullName": "경기도-이천시",
      "coordinates": {
        "lat": 37.2808823,
        "lon": 127.4429132
      },
      "apiName": "Icheon-si",
      "country": "KR"
    },
    {
      "id": "경기도-파주시",
      "city": "경기도",
      "district": "파주시",
      "fullName": "경기도-파주시",
      "coordinates": {
        "lat": 37.7598955,
        "lon": 126.7801502
      },
      "apiName": "Paju-si",
      "country": "KR"
    },
    {
      "id": "경기도-평택시",
      "city": "경기도",
      "district": "평택시",
      "fullName": "경기도-평택시",
      "coordinates": {
        "lat": 36.9924966,
        "lon": 127.1127168
      },
      "apiName": "Pyeongtaek-si",
      "country": "KR"
    },
    {
      "id": "경기도-포천시",
      "city": "경기도",
      "district": "포천시",
      "fullName": "경기도-포천시",
      "coordinates": {
        "lat": 37.8948267,
        "lon": 127.2007295
      },
      "apiName": "Pocheon-si",
      "country": "KR"
    },
    {
      "id": "경기도-하남시",
      "city": "경기도",
      "district": "하남시",
      "fullName": "경기도-하남시",
      "coordinates": {
        "lat": 37.5392918,
        "lon": 127.214948
      },
      "apiName": "Hanam-si",
      "country": "KR"
    },
    {
      "id": "경기도-화성시",
      "city": "경기도",
      "district": "화성시",
      "fullName": "경기도-화성시",
      "coordinates": {
        "lat": 37.1994653,
        "lon": 126.8312632
      },
      "apiName": "Hwaseong-si",
      "country": "KR"
    },
    {
      "id": "경상남도-거제시",
      "city": "경상남도",
      "district": "거제시",
      "fullName": "경상남도-거제시",
      "coordinates": {
        "lat": 34.8804677,
        "lon": 128.621207
      },
      "apiName": "Geoje-si",
      "country": "KR"
    },
    {
      "id": "경상남도-김해시",
      "city": "경상남도",
      "district": "김해시",
      "fullName": "경상남도-김해시",
      "coordinates": {
        "lat": 35.2310947,
        "lon": 128.8908228
      },
      "apiName": "Gimhae-si",
      "country": "KR"
    },
    {
      "id": "경상남도-밀양시",
      "city": "경상남도",
      "district": "밀양시",
      "fullName": "경상남도-밀양시",
      "coordinates": {
        "lat": 35.503839,
        "lon": 128.7466992
      },
      "apiName": "Miryang-si",
      "country": "KR"
    },
    {
      "id": "경상남도-사천시",
      "city": "경상남도",
      "district": "사천시",
      "fullName": "경상남도-사천시",
      "coordinates": {
        "lat": 35.003468,
        "lon": 128.064562
      },
      "apiName": "Sacheon-si",
      "country": "KR"
    },
    {
      "id": "경상남도-양산시",
      "city": "경상남도",
      "district": "양산시",
      "fullName": "경상남도-양산시",
      "coordinates": {
        "lat": 35.3349979,
        "lon": 129.0370582
      },
      "apiName": "Yangsan-si",
      "country": "KR"
    },
    {
      "id": "경상남도-진주시",
      "city": "경상남도",
      "district": "진주시",
      "fullName": "경상남도-진주시",
      "coordinates": {
        "lat": 35.1803459,
        "lon": 128.1079953
      },
      "apiName": "Jinju-si",
      "country": "KR"
    },
    {
      "id": "경상남도-창원시",
      "city": "경상남도",
      "district": "창원시",
      "fullName": "경상남도-창원시",
      "coordinates": {
        "lat": 35.227956,
        "lon": 128.6818586
      },
      "apiName": "Changwon-si",
      "country": "KR"
    },
    {
      "id": "경상남도-창원시마산합포구",
      "city": "경상남도",
      "district": "창원시마산합포구",
      "fullName": "경상남도-창원시마산합포구",
      "coordinates": {
        "lat": 35.18661255,
        "lon": 128.558417604484
      },
      "apiName": "평화동",
      "country": "KR"
    },
    {
      "id": "경상남도-창원시마산회원구",
      "city": "경상남도",
      "district": "창원시마산회원구",
      "fullName": "경상남도-창원시마산회원구",
      "coordinates": {
        "lat": 35.2212,
        "lon": 128.5797
      },
      "apiName": "Masanhoewon-gu",
      "country": "KR"
    },
    {
      "id": "경상남도-창원시성산구",
      "city": "경상남도",
      "district": "창원시성산구",
      "fullName": "경상남도-창원시성산구",
      "coordinates": {
        "lat": 35.1983,
        "lon": 128.7027
      },
      "apiName": "Seongsan-gu",
      "country": "KR"
    },
    {
      "id": "경상남도-창원시의창구",
      "city": "경상남도",
      "district": "창원시의창구",
      "fullName": "경상남도-창원시의창구",
      "coordinates": {
        "lat": 35.2537,
        "lon": 128.6401
      },
      "apiName": "Uichang-gu",
      "country": "KR"
    },
    {
      "id": "경상남도-창원시진해구",
      "city": "경상남도",
      "district": "창원시진해구",
      "fullName": "경상남도-창원시진해구",
      "coordinates": {
        "lat": 35.1319,
        "lon": 128.7103
      },
      "apiName": "Jinhae-gu",
      "country": "KR"
    },
    {
      "id": "경상남도-통영시",
      "city": "경상남도",
      "district": "통영시",
      "fullName": "경상남도-통영시",
      "coordinates": {
        "lat": 34.854254,
        "lon": 128.433205
      },
      "apiName": "Tongyeong-si",
      "country": "KR"
    },
    {
      "id": "경상북도-경산시",
      "city": "경상북도",
      "district": "경산시",
      "fullName": "경상북도-경산시",
      "coordinates": {
        "lat": 35.825122,
        "lon": 128.741329
      },
      "apiName": "Gyeongsan-si",
      "country": "KR"
    },
    {
      "id": "경상북도-경주시",
      "city": "경상북도",
      "district": "경주시",
      "fullName": "경상북도-경주시",
      "coordinates": {
        "lat": 35.8556705,
        "lon": 129.2248811
      },
      "apiName": "Gyeongju-si",
      "country": "KR"
    },
    {
      "id": "경상북도-구미시",
      "city": "경상북도",
      "district": "구미시",
      "fullName": "경상북도-구미시",
      "coordinates": {
        "lat": 36.1195513,
        "lon": 128.3444692
      },
      "apiName": "Gumi-si",
      "country": "KR"
    },
    {
      "id": "경상북도-김천시",
      "city": "경상북도",
      "district": "김천시",
      "fullName": "경상북도-김천시",
      "coordinates": {
        "lat": 36.1398035,
        "lon": 128.1139534
      },
      "apiName": "Gimcheon-si",
      "country": "KR"
    },
    {
      "id": "경상북도-문경시",
      "city": "경상북도",
      "district": "문경시",
      "fullName": "경상북도-문경시",
      "coordinates": {
        "lat": 36.5858541,
        "lon": 128.1870612
      },
      "apiName": "Mungyeong-si",
      "country": "KR"
    },
    {
      "id": "경상북도-상주시",
      "city": "경상북도",
      "district": "상주시",
      "fullName": "경상북도-상주시",
      "coordinates": {
        "lat": 36.4104478,
        "lon": 128.1590614
      },
      "apiName": "Sangju-si",
      "country": "KR"
    },
    {
      "id": "경상북도-안동시",
      "city": "경상북도",
      "district": "안동시",
      "fullName": "경상북도-안동시",
      "coordinates": {
        "lat": 36.5634886,
        "lon": 128.7260798
      },
      "apiName": "Andong-si",
      "country": "KR"
    },
    {
      "id": "경상북도-영주시",
      "city": "경상북도",
      "district": "영주시",
      "fullName": "경상북도-영주시",
      "coordinates": {
        "lat": 36.805685,
        "lon": 128.624054
      },
      "apiName": "Yeongju-si",
      "country": "KR"
    },
    {
      "id": "경상북도-영천시",
      "city": "경상북도",
      "district": "영천시",
      "fullName": "경상북도-영천시",
      "coordinates": {
        "lat": 35.98842,
        "lon": 128.942
      },
      "apiName": "Yeongcheon-si",
      "country": "KR"
    },
    {
      "id": "경상북도-울릉군",
      "city": "경상북도",
      "district": "울릉군",
      "fullName": "경상북도-울릉군",
      "coordinates": {
        "lat": 37.4845293,
        "lon": 130.9058854
      },
      "apiName": "Ulleung-gun",
      "country": "KR"
    },
    {
      "id": "경상북도-포항시",
      "city": "경상북도",
      "district": "포항시",
      "fullName": "경상북도-포항시",
      "coordinates": {
        "lat": 36.0189315,
        "lon": 129.3429384
      },
      "apiName": "Pohang-si",
      "country": "KR"
    },
    {
      "id": "경상북도-포항시남구",
      "city": "경상북도",
      "district": "포항시남구",
      "fullName": "경상북도-포항시남구",
      "coordinates": {
        "lat": 36.0086363,
        "lon": 129.3588062
      },
      "apiName": "Nam-gu",
      "country": "KR"
    },
    {
      "id": "경상북도-포항시북구",
      "city": "경상북도",
      "district": "포항시북구",
      "fullName": "경상북도-포항시북구",
      "coordinates": {
        "lat": 36.0434851,
        "lon": 129.3686129
      },
      "apiName": "Buk-gu",
      "country": "KR"
    },
    {
      "id": "광주광역시-광산구",
      "city": "광주광역시",
      "district": "광산구",
      "fullName": "광주광역시-광산구",
      "coordinates": {
        "lat": 35.1396428,
        "lon": 126.7938232
      },
      "apiName": "Gwangsan-gu",
      "country": "KR"
    },
    {
      "id": "광주광역시-남구",
      "city": "광주광역시",
      "district": "남구",
      "fullName": "광주광역시-남구",
      "coordinates": {
        "lat": 35.1327,
        "lon": 126.9025
      },
      "apiName": "Nam-gu",
      "country": "KR"
    },
    {
      "id": "광주광역시-동구",
      "city": "광주광역시",
      "district": "동구",
      "fullName": "광주광역시-동구",
      "coordinates": {
        "lat": 35.1462,
        "lon": 126.9229
      },
      "apiName": "Dong-gu",
      "country": "KR"
    },
    {
      "id": "광주광역시-북구",
      "city": "광주광역시",
      "district": "북구",
      "fullName": "광주광역시-북구",
      "coordinates": {
        "lat": 35.1741,
        "lon": 126.9122
      },
      "apiName": "Buk-gu",
      "country": "KR"
    },
    {
      "id": "광주광역시-서구",
      "city": "광주광역시",
      "district": "서구",
      "fullName": "광주광역시-서구",
      "coordinates": {
        "lat": 35.1521401,
        "lon": 126.8900561
      },
      "apiName": "Seo-gu",
      "country": "KR"
    },
    {
      "id": "대구광역시-군위군",
      "city": "대구광역시",
      "district": "군위군",
      "fullName": "대구광역시-군위군",
      "coordinates": {
        "lat": 36.2425017,
        "lon": 128.5732027
      },
      "apiName": "Gunwi-gun",
      "country": "KR"
    },
    {
      "id": "대구광역시-남구",
      "city": "대구광역시",
      "district": "남구",
      "fullName": "대구광역시-남구",
      "coordinates": {
        "lat": 35.845728,
        "lon": 128.5977207
      },
      "apiName": "Nam-gu",
      "country": "KR"
    },
    {
      "id": "대구광역시-달서구",
      "city": "대구광역시",
      "district": "달서구",
      "fullName": "대구광역시-달서구",
      "coordinates": {
        "lat": 35.8297006,
        "lon": 128.533094
      },
      "apiName": "Dalseo-gu",
      "country": "KR"
    },
    {
      "id": "대구광역시-달성군",
      "city": "대구광역시",
      "district": "달성군",
      "fullName": "대구광역시-달성군",
      "coordinates": {
        "lat": 35.7753,
        "lon": 128.4312
      },
      "apiName": "Dalseong-gun",
      "country": "KR"
    },
    {
      "id": "대구광역시-동구",
      "city": "대구광역시",
      "district": "동구",
      "fullName": "대구광역시-동구",
      "coordinates": {
        "lat": 35.8865,
        "lon": 128.6355
      },
      "apiName": "Dong-gu",
      "country": "KR"
    },
    {
      "id": "대구광역시-북구",
      "city": "대구광역시",
      "district": "북구",
      "fullName": "대구광역시-북구",
      "coordinates": {
        "lat": 35.8855,
        "lon": 128.5828858
      },
      "apiName": "Buk-gu",
      "country": "KR"
    },
    {
      "id": "대구광역시-서구",
      "city": "대구광역시",
      "district": "서구",
      "fullName": "대구광역시-서구",
      "coordinates": {
        "lat": 35.8716,
        "lon": 128.5591
      },
      "apiName": "Seo-gu",
      "country": "KR"
    },
    {
      "id": "대구광역시-수성구",
      "city": "대구광역시",
      "district": "수성구",
      "fullName": "대구광역시-수성구",
      "coordinates": {
        "lat": 35.8584,
        "lon": 128.6305
      },
      "apiName": "Suseong-gu",
      "country": "KR"
    },
    {
      "id": "대구광역시-중구",
      "city": "대구광역시",
      "district": "중구",
      "fullName": "대구광역시-중구",
      "coordinates": {
        "lat": 35.8692588,
        "lon": 128.6059471
      },
      "apiName": "Jung-gu",
      "country": "KR"
    },
    {
      "id": "대전광역시-대덕구",
      "city": "대전광역시",
      "district": "대덕구",
      "fullName": "대전광역시-대덕구",
      "coordinates": {
        "lat": 36.3465766,
        "lon": 127.4158483
      },
      "apiName": "Daedeok-gu",
      "country": "KR"
    },
    {
      "id": "대전광역시-동구",
      "city": "대전광역시",
      "district": "동구",
      "fullName": "대전광역시-동구",
      "coordinates": {
        "lat": 36.3120051,
        "lon": 127.4554285
      },
      "apiName": "Dong-gu",
      "country": "KR"
    },
    {
      "id": "대전광역시-서구",
      "city": "대전광역시",
      "district": "서구",
      "fullName": "대전광역시-서구",
      "coordinates": {
        "lat": 36.3551786,
        "lon": 127.3838487
      },
      "apiName": "Seo-gu",
      "country": "KR"
    },
    {
      "id": "대전광역시-유성구",
      "city": "대전광역시",
      "district": "유성구",
      "fullName": "대전광역시-유성구",
      "coordinates": {
        "lat": 36.3620732,
        "lon": 127.3564099
      },
      "apiName": "Yuseong-gu",
      "country": "KR"
    },
    {
      "id": "대전광역시-중구",
      "city": "대전광역시",
      "district": "중구",
      "fullName": "대전광역시-중구",
      "coordinates": {
        "lat": 36.29812,
        "lon": 127.4148
      },
      "apiName": "Jung-gu",
      "country": "KR"
    },
    {
      "id": "부산광역시-강서구",
      "city": "부산광역시",
      "district": "강서구",
      "fullName": "부산광역시-강서구",
      "coordinates": {
        "lat": 35.212,
        "lon": 128.9805
      },
      "apiName": "Gangseo-gu",
      "country": "KR"
    },
    {
      "id": "부산광역시-금정구",
      "city": "부산광역시",
      "district": "금정구",
      "fullName": "부산광역시-금정구",
      "coordinates": {
        "lat": 35.2429,
        "lon": 129.0926
      },
      "apiName": "Geumjeong-gu",
      "country": "KR"
    },
    {
      "id": "부산광역시-기장군",
      "city": "부산광역시",
      "district": "기장군",
      "fullName": "부산광역시-기장군",
      "coordinates": {
        "lat": 35.2447818,
        "lon": 129.2215462
      },
      "apiName": "Gijang-gun",
      "country": "KR"
    },
    {
      "id": "부산광역시-남구",
      "city": "부산광역시",
      "district": "남구",
      "fullName": "부산광역시-남구",
      "coordinates": {
        "lat": 35.1361,
        "lon": 129.0843999
      },
      "apiName": "Nam-gu",
      "country": "KR"
    },
    {
      "id": "부산광역시-동구",
      "city": "부산광역시",
      "district": "동구",
      "fullName": "부산광역시-동구",
      "coordinates": {
        "lat": 35.129,
        "lon": 129.0455
      },
      "apiName": "Dong-gu",
      "country": "KR"
    },
    {
      "id": "부산광역시-동래구",
      "city": "부산광역시",
      "district": "동래구",
      "fullName": "부산광역시-동래구",
      "coordinates": {
        "lat": 35.2052,
        "lon": 129.0837
      },
      "apiName": "Dongnae-gu",
      "country": "KR"
    },
    {
      "id": "부산광역시-부산진구",
      "city": "부산광역시",
      "district": "부산진구",
      "fullName": "부산광역시-부산진구",
      "coordinates": {
        "lat": 35.1632335,
        "lon": 129.0529462
      },
      "apiName": "Busanjin-gu",
      "country": "KR"
    },
    {
      "id": "부산광역시-북구",
      "city": "부산광역시",
      "district": "북구",
      "fullName": "부산광역시-북구",
      "coordinates": {
        "lat": 35.1969,
        "lon": 128.9901999
      },
      "apiName": "Buk-gu",
      "country": "KR"
    },
    {
      "id": "부산광역시-사상구",
      "city": "부산광역시",
      "district": "사상구",
      "fullName": "부산광역시-사상구",
      "coordinates": {
        "lat": 35.1521,
        "lon": 128.9911
      },
      "apiName": "Sasang-gu",
      "country": "KR"
    },
    {
      "id": "부산광역시-사하구",
      "city": "부산광역시",
      "district": "사하구",
      "fullName": "부산광역시-사하구",
      "coordinates": {
        "lat": 35.1041,
        "lon": 128.9751
      },
      "apiName": "Saha-gu",
      "country": "KR"
    },
    {
      "id": "부산광역시-서구",
      "city": "부산광역시",
      "district": "서구",
      "fullName": "부산광역시-서구",
      "coordinates": {
        "lat": 35.0974999,
        "lon": 129.0241
      },
      "apiName": "Seo-gu",
      "country": "KR"
    },
    {
      "id": "부산광역시-수영구",
      "city": "부산광역시",
      "district": "수영구",
      "fullName": "부산광역시-수영구",
      "coordinates": {
        "lat": 35.1454,
        "lon": 129.1127
      },
      "apiName": "Suyeong-gu",
      "country": "KR"
    },
    {
      "id": "부산광역시-연제구",
      "city": "부산광역시",
      "district": "연제구",
      "fullName": "부산광역시-연제구",
      "coordinates": {
        "lat": 35.1765,
        "lon": 129.0793
      },
      "apiName": "Yeonje-gu",
      "country": "KR"
    },
    {
      "id": "부산광역시-영도구",
      "city": "부산광역시",
      "district": "영도구",
      "fullName": "부산광역시-영도구",
      "coordinates": {
        "lat": 35.0908,
        "lon": 129.0678
      },
      "apiName": "Yeongdo-gu",
      "country": "KR"
    },
    {
      "id": "부산광역시-중구",
      "city": "부산광역시",
      "district": "중구",
      "fullName": "부산광역시-중구",
      "coordinates": {
        "lat": 35.106501,
        "lon": 129.0325814
      },
      "apiName": "Jung-gu",
      "country": "KR"
    },
    {
      "id": "부산광역시-해운대구",
      "city": "부산광역시",
      "district": "해운대구",
      "fullName": "부산광역시-해운대구",
      "coordinates": {
        "lat": 35.1629,
        "lon": 129.1638
      },
      "apiName": "Haeundae-gu",
      "country": "KR"
    },
    {
      "id": "서울특별시-강남구",
      "city": "서울특별시",
      "district": "강남구",
      "fullName": "서울특별시-강남구",
      "coordinates": {
        "lat": 37.5177,
        "lon": 127.0473
      },
      "apiName": "Gangnam-gu",
      "country": "KR"
    },
    {
      "id": "서울특별시-강동구",
      "city": "서울특별시",
      "district": "강동구",
      "fullName": "서울특별시-강동구",
      "coordinates": {
        "lat": 37.53,
        "lon": 127.1237
      },
      "apiName": "Gangdong-gu",
      "country": "KR"
    },
    {
      "id": "서울특별시-강북구",
      "city": "서울특별시",
      "district": "강북구",
      "fullName": "서울특별시-강북구",
      "coordinates": {
        "lat": 37.6395,
        "lon": 127.0255
      },
      "apiName": "Gangbuk-gu",
      "country": "KR"
    },
    {
      "id": "서울특별시-강서구",
      "city": "서울특별시",
      "district": "강서구",
      "fullName": "서울특별시-강서구",
      "coordinates": {
        "lat": 37.5509,
        "lon": 126.8497
      },
      "apiName": "Gangseo-gu",
      "country": "KR"
    },
    {
      "id": "서울특별시-관악구",
      "city": "서울특별시",
      "district": "관악구",
      "fullName": "서울특별시-관악구",
      "coordinates": {
        "lat": 37.4782,
        "lon": 126.9518
      },
      "apiName": "Gwanak-gu",
      "country": "KR"
    },
    {
      "id": "서울특별시-광진구",
      "city": "서울특별시",
      "district": "광진구",
      "fullName": "서울특별시-광진구",
      "coordinates": {
        "lat": 37.5384,
        "lon": 127.0828
      },
      "apiName": "Gwangjin-gu",
      "country": "KR"
    },
    {
      "id": "서울특별시-구로구",
      "city": "서울특별시",
      "district": "구로구",
      "fullName": "서울특별시-구로구",
      "coordinates": {
        "lat": 37.4951999,
        "lon": 126.8877
      },
      "apiName": "Guro-gu",
      "country": "KR"
    },
    {
      "id": "서울특별시-금천구",
      "city": "서울특별시",
      "district": "금천구",
      "fullName": "서울특별시-금천구",
      "coordinates": {
        "lat": 37.4565,
        "lon": 126.8954
      },
      "apiName": "Geumcheon-gu",
      "country": "KR"
    },
    {
      "id": "서울특별시-노원구",
      "city": "서울특별시",
      "district": "노원구",
      "fullName": "서울특별시-노원구",
      "coordinates": {
        "lat": 37.654,
        "lon": 127.0567
      },
      "apiName": "Nowon-gu",
      "country": "KR"
    },
    {
      "id": "서울특별시-도봉구",
      "city": "서울특별시",
      "district": "도봉구",
      "fullName": "서울특별시-도봉구",
      "coordinates": {
        "lat": 37.6686,
        "lon": 127.0466
      },
      "apiName": "Dobong-gu",
      "country": "KR"
    },
    {
      "id": "서울특별시-동대문구",
      "city": "서울특별시",
      "district": "동대문구",
      "fullName": "서울특별시-동대문구",
      "coordinates": {
        "lat": 37.5741982,
        "lon": 127.0395092
      },
      "apiName": "Dongdaemun-gu",
      "country": "KR"
    },
    {
      "id": "서울특별시-동작구",
      "city": "서울특별시",
      "district": "동작구",
      "fullName": "서울특별시-동작구",
      "coordinates": {
        "lat": 37.5120999,
        "lon": 126.9395
      },
      "apiName": "Dongjak-gu",
      "country": "KR"
    },
    {
      "id": "서울특별시-마포구",
      "city": "서울특별시",
      "district": "마포구",
      "fullName": "서울특별시-마포구",
      "coordinates": {
        "lat": 37.566571,
        "lon": 126.9015317
      },
      "apiName": "Mapo-gu",
      "country": "KR"
    },
    {
      "id": "서울특별시-서대문구",
      "city": "서울특별시",
      "district": "서대문구",
      "fullName": "서울특별시-서대문구",
      "coordinates": {
        "lat": 37.5790747,
        "lon": 126.9367861
      },
      "apiName": "Seodaemun-gu",
      "country": "KR"
    },
    {
      "id": "서울특별시-서초구",
      "city": "서울특별시",
      "district": "서초구",
      "fullName": "서울특별시-서초구",
      "coordinates": {
        "lat": 37.4835,
        "lon": 127.0322
      },
      "apiName": "Seocho-gu",
      "country": "KR"
    },
    {
      "id": "서울특별시-성동구",
      "city": "서울특별시",
      "district": "성동구",
      "fullName": "서울특별시-성동구",
      "coordinates": {
        "lat": 37.5635,
        "lon": 127.0365
      },
      "apiName": "Seongdong-gu",
      "country": "KR"
    },
    {
      "id": "서울특별시-성북구",
      "city": "서울특별시",
      "district": "성북구",
      "fullName": "서울특별시-성북구",
      "coordinates": {
        "lat": 37.59,
        "lon": 127.0165
      },
      "apiName": "Seongbuk-gu",
      "country": "KR"
    },
    {
      "id": "서울특별시-송파구",
      "city": "서울특별시",
      "district": "송파구",
      "fullName": "서울특별시-송파구",
      "coordinates": {
        "lat": 37.5145,
        "lon": 127.1058
      },
      "apiName": "Songpa-gu",
      "country": "KR"
    },
    {
      "id": "서울특별시-양천구",
      "city": "서울특별시",
      "district": "양천구",
      "fullName": "서울특별시-양천구",
      "coordinates": {
        "lat": 37.5171,
        "lon": 126.8663
      },
      "apiName": "Yangcheon-gu",
      "country": "KR"
    },
    {
      "id": "서울특별시-영등포구",
      "city": "서울특별시",
      "district": "영등포구",
      "fullName": "서울특별시-영등포구",
      "coordinates": {
        "lat": 37.5262,
        "lon": 126.8959
      },
      "apiName": "Yeongdeungpo-gu",
      "country": "KR"
    },
    {
      "id": "서울특별시-용산구",
      "city": "서울특별시",
      "district": "용산구",
      "fullName": "서울특별시-용산구",
      "coordinates": {
        "lat": 37.5323,
        "lon": 126.99
      },
      "apiName": "Yongsan-gu",
      "country": "KR"
    },
    {
      "id": "서울특별시-은평구",
      "city": "서울특별시",
      "district": "은평구",
      "fullName": "서울특별시-은평구",
      "coordinates": {
        "lat": 37.6024,
        "lon": 126.9293
      },
      "apiName": "Eunpyeong-gu",
      "country": "KR"
    },
    {
      "id": "서울특별시-종로구",
      "city": "서울특별시",
      "district": "종로구",
      "fullName": "서울특별시-종로구",
      "coordinates": {
        "lat": 37.5806949,
        "lon": 126.9827989
      },
      "apiName": "Jongno-gu",
      "country": "KR"
    },
    {
      "id": "서울특별시-중구",
      "city": "서울특별시",
      "district": "중구",
      "fullName": "서울특별시-중구",
      "coordinates": {
        "lat": 37.5636559,
        "lon": 126.9975097
      },
      "apiName": "Jung-gu",
      "country": "KR"
    },
    {
      "id": "서울특별시-중랑구",
      "city": "서울특별시",
      "district": "중랑구",
      "fullName": "서울특별시-중랑구",
      "coordinates": {
        "lat": 37.6063,
        "lon": 127.093
      },
      "apiName": "Jungnang-gu",
      "country": "KR"
    },
    {
      "id": "세종특별자치시-세종시",
      "city": "세종특별자치시",
      "district": "세종시",
      "fullName": "세종특별자치시-세종시",
      "coordinates": {
        "lat": 36.4799999,
        "lon": 127.289
      },
      "apiName": "Sejong",
      "country": "KR"
    },
    {
      "id": "울산광역시-남구",
      "city": "울산광역시",
      "district": "남구",
      "fullName": "울산광역시-남구",
      "coordinates": {
        "lat": 35.5436,
        "lon": 129.3304
      },
      "apiName": "Nam-gu",
      "country": "KR"
    },
    {
      "id": "울산광역시-동구",
      "city": "울산광역시",
      "district": "동구",
      "fullName": "울산광역시-동구",
      "coordinates": {
        "lat": 35.5046663,
        "lon": 129.4170114
      },
      "apiName": "Dong-gu",
      "country": "KR"
    },
    {
      "id": "울산광역시-북구",
      "city": "울산광역시",
      "district": "북구",
      "fullName": "울산광역시-북구",
      "coordinates": {
        "lat": 35.5826,
        "lon": 129.3604
      },
      "apiName": "Buk-gu",
      "country": "KR"
    },
    {
      "id": "울산광역시-울주군",
      "city": "울산광역시",
      "district": "울주군",
      "fullName": "울산광역시-울주군",
      "coordinates": {
        "lat": 35.5222362,
        "lon": 129.2423693
      },
      "apiName": "Ulju-gun",
      "country": "KR"
    },
    {
      "id": "울산광역시-중구",
      "city": "울산광역시",
      "district": "중구",
      "fullName": "울산광역시-중구",
      "coordinates": {
        "lat": 35.5693863,
        "lon": 129.3327997
      },
      "apiName": "Jung-gu",
      "country": "KR"
    },
    {
      "id": "인천광역시-강화군",
      "city": "인천광역시",
      "district": "강화군",
      "fullName": "인천광역시-강화군",
      "coordinates": {
        "lat": 37.746,
        "lon": 126.488
      },
      "apiName": "Ganghwa-gun",
      "country": "KR"
    },
    {
      "id": "인천광역시-계양구",
      "city": "인천광역시",
      "district": "계양구",
      "fullName": "인천광역시-계양구",
      "coordinates": {
        "lat": 37.5373539,
        "lon": 126.7379078
      },
      "apiName": "Gyeyang-gu",
      "country": "KR"
    },
    {
      "id": "인천광역시-남동구",
      "city": "인천광역시",
      "district": "남동구",
      "fullName": "인천광역시-남동구",
      "coordinates": {
        "lat": 37.446902,
        "lon": 126.7315126
      },
      "apiName": "Namdong-gu",
      "country": "KR"
    },
    {
      "id": "인천광역시-동구",
      "city": "인천광역시",
      "district": "동구",
      "fullName": "인천광역시-동구",
      "coordinates": {
        "lat": 37.4736019,
        "lon": 126.643227
      },
      "apiName": "Dong-gu",
      "country": "KR"
    },
    {
      "id": "인천광역시-미추홀구",
      "city": "인천광역시",
      "district": "미추홀구",
      "fullName": "인천광역시-미추홀구",
      "coordinates": {
        "lat": 37.4636,
        "lon": 126.6502
      },
      "apiName": "Michuhol-gu",
      "country": "KR"
    },
    {
      "id": "인천광역시-부평구",
      "city": "인천광역시",
      "district": "부평구",
      "fullName": "인천광역시-부평구",
      "coordinates": {
        "lat": 37.5070221,
        "lon": 126.7220068
      },
      "apiName": "Bupyeong-gu",
      "country": "KR"
    },
    {
      "id": "인천광역시-서구",
      "city": "인천광역시",
      "district": "서구",
      "fullName": "인천광역시-서구",
      "coordinates": {
        "lat": 37.545,
        "lon": 126.676
      },
      "apiName": "Seo-gu",
      "country": "KR"
    },
    {
      "id": "인천광역시-연수구",
      "city": "인천광역시",
      "district": "연수구",
      "fullName": "인천광역시-연수구",
      "coordinates": {
        "lat": 37.4098,
        "lon": 126.6787
      },
      "apiName": "Yeonsu-gu",
      "country": "KR"
    },
    {
      "id": "인천광역시-옹진군",
      "city": "인천광역시",
      "district": "옹진군",
      "fullName": "인천광역시-옹진군",
      "coordinates": {
        "lat": 37.533,
        "lon": 126.429
      },
      "apiName": "Ongjin-gun",
      "country": "KR"
    },
    {
      "id": "인천광역시-중구",
      "city": "인천광역시",
      "district": "중구",
      "fullName": "인천광역시-중구",
      "coordinates": {
        "lat": 37.4735389,
        "lon": 126.6214081
      },
      "apiName": "Jung-gu",
      "country": "KR"
    },
    {
      "id": "전라남도-광양시",
      "city": "전라남도",
      "district": "광양시",
      "fullName": "전라남도-광양시",
      "coordinates": {
        "lat": 34.9406452,
        "lon": 127.6959512
      },
      "apiName": "Gwangyang-si",
      "country": "KR"
    },
    {
      "id": "전라남도-나주시",
      "city": "전라남도",
      "district": "나주시",
      "fullName": "전라남도-나주시",
      "coordinates": {
        "lat": 35.0158859,
        "lon": 126.7108313
      },
      "apiName": "Naju-si",
      "country": "KR"
    },
    {
      "id": "전라남도-목포시",
      "city": "전라남도",
      "district": "목포시",
      "fullName": "전라남도-목포시",
      "coordinates": {
        "lat": 34.7903335,
        "lon": 126.3847547
      },
      "apiName": "Mokpo-si",
      "country": "KR"
    },
    {
      "id": "전라남도-순천시",
      "city": "전라남도",
      "district": "순천시",
      "fullName": "전라남도-순천시",
      "coordinates": {
        "lat": 34.9505457,
        "lon": 127.4872992
      },
      "apiName": "Suncheon-si",
      "country": "KR"
    },
    {
      "id": "전라남도-여수시",
      "city": "전라남도",
      "district": "여수시",
      "fullName": "전라남도-여수시",
      "coordinates": {
        "lat": 34.7546257,
        "lon": 127.659859
      },
      "apiName": "Yeosu-si",
      "country": "KR"
    },
    {
      "id": "전북특별자치도-군산시",
      "city": "전북특별자치도",
      "district": "군산시",
      "fullName": "전북특별자치도-군산시",
      "coordinates": {
        "lat": 35.9679984,
        "lon": 126.7369036
      },
      "apiName": "Gunsan-si",
      "country": "KR"
    },
    {
      "id": "전북특별자치도-김제시",
      "city": "전북특별자치도",
      "district": "김제시",
      "fullName": "전북특별자치도-김제시",
      "coordinates": {
        "lat": 35.803815,
        "lon": 126.880557
      },
      "apiName": "Gimje-si",
      "country": "KR"
    },
    {
      "id": "전북특별자치도-남원시",
      "city": "전북특별자치도",
      "district": "남원시",
      "fullName": "전북특별자치도-남원시",
      "coordinates": {
        "lat": 35.4163118,
        "lon": 127.3903713
      },
      "apiName": "Namwon-si",
      "country": "KR"
    },
    {
      "id": "전북특별자치도-익산시",
      "city": "전북특별자치도",
      "district": "익산시",
      "fullName": "전북특별자치도-익산시",
      "coordinates": {
        "lat": 35.9479291,
        "lon": 126.9578025
      },
      "apiName": "Iksan-si",
      "country": "KR"
    },
    {
      "id": "전북특별자치도-전주시",
      "city": "전북특별자치도",
      "district": "전주시",
      "fullName": "전북특별자치도-전주시",
      "coordinates": {
        "lat": 35.8237631,
        "lon": 127.1472805
      },
      "apiName": "Jeonju-si",
      "country": "KR"
    },
    {
      "id": "전북특별자치도-전주시덕진구",
      "city": "전북특별자치도",
      "district": "전주시덕진구",
      "fullName": "전북특별자치도-전주시덕진구",
      "coordinates": {
        "lat": 35.8294,
        "lon": 127.1342
      },
      "apiName": "Deokjin-gu",
      "country": "KR"
    },
    {
      "id": "전북특별자치도-전주시완산구",
      "city": "전북특별자치도",
      "district": "전주시완산구",
      "fullName": "전북특별자치도-전주시완산구",
      "coordinates": {
        "lat": 35.8122,
        "lon": 127.1197
      },
      "apiName": "Wansan-gu",
      "country": "KR"
    },
    {
      "id": "전북특별자치도-정읍시",
      "city": "전북특별자치도",
      "district": "정읍시",
      "fullName": "전북특별자치도-정읍시",
      "coordinates": {
        "lat": 35.5697678,
        "lon": 126.8559787
      },
      "apiName": "Jeongeup-si",
      "country": "KR"
    },
    {
      "id": "제주특별자치도-서귀포시",
      "city": "제주특별자치도",
      "district": "서귀포시",
      "fullName": "제주특별자치도-서귀포시",
      "coordinates": {
        "lat": 33.252845,
        "lon": 126.5610278
      },
      "apiName": "Seogwipo-si",
      "country": "KR"
    },
    {
      "id": "제주특별자치도-제주시",
      "city": "제주특별자치도",
      "district": "제주시",
      "fullName": "제주특별자치도-제주시",
      "coordinates": {
        "lat": 33.4998289,
        "lon": 126.5313902
      },
      "apiName": "Jeju",
      "country": "KR"
    },
    {
      "id": "충청남도-계룡시",
      "city": "충청남도",
      "district": "계룡시",
      "fullName": "충청남도-계룡시",
      "coordinates": {
        "lat": 36.275523,
        "lon": 127.2472702
      },
      "apiName": "Gyeryong-si",
      "country": "KR"
    },
    {
      "id": "충청남도-공주시",
      "city": "충청남도",
      "district": "공주시",
      "fullName": "충청남도-공주시",
      "coordinates": {
        "lat": 36.47257,
        "lon": 127.09124
      },
      "apiName": "Gongju-si",
      "country": "KR"
    },
    {
      "id": "충청남도-논산시",
      "city": "충청남도",
      "district": "논산시",
      "fullName": "충청남도-논산시",
      "coordinates": {
        "lat": 36.1868154,
        "lon": 127.0987538
      },
      "apiName": "Nonsan-si",
      "country": "KR"
    },
    {
      "id": "충청남도-당진시",
      "city": "충청남도",
      "district": "당진시",
      "fullName": "충청남도-당진시",
      "coordinates": {
        "lat": 36.8904083,
        "lon": 126.6461833
      },
      "apiName": "Dangjin-si",
      "country": "KR"
    },
    {
      "id": "충청남도-보령시",
      "city": "충청남도",
      "district": "보령시",
      "fullName": "충청남도-보령시",
      "coordinates": {
        "lat": 36.33401,
        "lon": 126.613165
      },
      "apiName": "Boryeong-si",
      "country": "KR"
    },
    {
      "id": "충청남도-서산시",
      "city": "충청남도",
      "district": "서산시",
      "fullName": "충청남도-서산시",
      "coordinates": {
        "lat": 36.784499,
        "lon": 126.450317
      },
      "apiName": "Seosan-si",
      "country": "KR"
    },
    {
      "id": "충청남도-아산시",
      "city": "충청남도",
      "district": "아산시",
      "fullName": "충청남도-아산시",
      "coordinates": {
        "lat": 36.7899498,
        "lon": 127.0026769
      },
      "apiName": "Asan-si",
      "country": "KR"
    },
    {
      "id": "충청남도-천안시",
      "city": "충청남도",
      "district": "천안시",
      "fullName": "충청남도-천안시",
      "coordinates": {
        "lat": 36.8150283,
        "lon": 127.1140654
      },
      "apiName": "Cheonan-si",
      "country": "KR"
    },
    {
      "id": "충청남도-천안시동남구",
      "city": "충청남도",
      "district": "천안시동남구",
      "fullName": "충청남도-천안시동남구",
      "coordinates": {
        "lat": 36.8067134,
        "lon": 127.1516634
      },
      "apiName": "Dongnam-gu",
      "country": "KR"
    },
    {
      "id": "충청남도-천안시서북구",
      "city": "충청남도",
      "district": "천안시서북구",
      "fullName": "충청남도-천안시서북구",
      "coordinates": {
        "lat": 36.8783935,
        "lon": 127.1552727
      },
      "apiName": "Seobuk-gu",
      "country": "KR"
    },
    {
      "id": "충청북도-제천시",
      "city": "충청북도",
      "district": "제천시",
      "fullName": "충청북도-제천시",
      "coordinates": {
        "lat": 37.1326042,
        "lon": 128.1913508
      },
      "apiName": "Jecheon-si",
      "country": "KR"
    },
    {
      "id": "충청북도-청주시",
      "city": "충청북도",
      "district": "청주시",
      "fullName": "충청북도-청주시",
      "coordinates": {
        "lat": 36.6421169,
        "lon": 127.4891742
      },
      "apiName": "Cheongju-si",
      "country": "KR"
    },
    {
      "id": "충청북도-청주시상당구",
      "city": "충청북도",
      "district": "청주시상당구",
      "fullName": "충청북도-청주시상당구",
      "coordinates": {
        "lat": 36.5897219,
        "lon": 127.5051599
      },
      "apiName": "Sangdang-gu",
      "country": "KR"
    },
    {
      "id": "충청북도-청주시서원구",
      "city": "충청북도",
      "district": "청주시서원구",
      "fullName": "충청북도-청주시서원구",
      "coordinates": {
        "lat": 36.6374,
        "lon": 127.4698
      },
      "apiName": "Seowon-gu",
      "country": "KR"
    },
    {
      "id": "충청북도-청주시청원구",
      "city": "충청북도",
      "district": "청주시청원구",
      "fullName": "충청북도-청주시청원구",
      "coordinates": {
        "lat": 36.6515,
        "lon": 127.4867
      },
      "apiName": "Cheongwon-gu",
      "country": "KR"
    },
    {
      "id": "충청북도-청주시흥덕구",
      "city": "충청북도",
      "district": "청주시흥덕구",
      "fullName": "충청북도-청주시흥덕구",
      "coordinates": {
        "lat": 36.6289831,
        "lon": 127.375766
      },
      "apiName": "Heungdeok-gu",
      "country": "KR"
    },
    {
      "id": "충청북도-충주시",
      "city": "충청북도",
      "district": "충주시",
      "fullName": "충청북도-충주시",
      "coordinates": {
        "lat": 36.9907334,
        "lon": 127.9259891
      },
      "apiName": "Chungju-si",
      "country": "KR"
    }
  ]
}